"","V1","V2","V3"
"1","Abies concolor","Epidendrum radicans","Orthilia secunda"
"2","Abies fraseri","Epilobium brachycarpum","Oryza longistaminata"
"3","Abies lasiocarpa","Epilobium ciliatum","Oryzopsis hymenoides"
"4","Abronia fragrans","Epilobium hirsutum","Otholobium fruticans"
"5","Abutilon theophrasti","Epilobium parviflorum","Ottelia alismoides"
"6","Acacia albicorticata","Epiphyllum hookeri","Oxalis corniculata"
"7","Acacia crassicarpa","Epiphyllum oxypetalum","Oxalis purpurata"
"8","Acacia dealbata","Epiphyllum phyllanthus","Oxalis stricta"
"9","Acacia erioloba","Equisetum arvense","Oxycaryum cubense"
"10","Acacia mearnsii","Eragrostis cilianensis","Pachysandra terminalis"
"11","Acacia melanoxylon","Eragrostis curvula","Paederia foetida"
"12","Acanthocereus tetragonus","Eragrostis echinochloidea","Panax quinquefolius"
"13","Acer ginnala","Eremopyrum triticeum","Panicum antidotale"
"14","Acer negundo","Erigeron speciosus","Panicum repens"
"15","Acer platanoides","Eriophorum gracile","Parkia korom"
"16","Acer pseudoplatanus","Erodium cicutarium","Parmentiera cereifera"
"17","Acer saccharinum","Eruca vesicaria","Parthenocissus quinquefolia"
"18","Acer saccharum","Eryngium alpinum","Paspalum notatum"
"19","Achillea millefolium","Erysimum repandum","Paspalum urvillei"
"20","Acroptilon repens","Escobaria vivipara","Passiflora ampullacea"
"21","Adenanthera pavonina","Eucalyptus camaldulensis","Passiflora foetida"
"22","Adonis vernalis","Eugenia uniflora","Pastinaca sativa"
"23","Aegilops bicornis","Eulophia graminea","Paulownia kawakamii"
"24","Aegilops cylindrica","Euonymus alata","Paulownia tomentosa"
"25","Aegilops tauschii","Euonymus fortunei","Peganum harmala"
"26","Aegopodium podagraria","Euphorbia canariensis","Peniocereus serpentinus"
"27","Aeschynomene fluitans","Euphorbia cuneata","Pennisetum ciliare"
"28","Aeschynomene virginica","Euphorbia cyparissias","Pennisetum purpureum"
"29","Agalinis auriculata","Euphorbia dendroides","Pennisetum setaceum"
"30","Agathosma crenulata","Euphorbia esula","Phaius tancarvilleae"
"31","Agave sisalana","Euphorbia grandidens","Phalaris arundinacea"
"32","Agropyron cristatum","Euphorbia ingens","Phalaris minor"
"33","Agropyron dasyanthum","Euphorbia lactea","Phleum pratense"
"34","Agropyron desertorum","Euphorbia ledienii","Phlox paniculata"
"35","Agrostis capillaris","Euphorbia leuconeura","Phoenix canariensis"
"36","Agrostis exarata","Euphorbia mauritanica","Phoenix dactylifera"
"37","Agrostis gigantea","Euphorbia mellifera","Phragmites australis"
"38","Agrostis scabra","Euphorbia milii","Phyllanthus fluitans"
"39","Ailanthus altissima","Euphorbia myrsinites","Phyllostachys aurea"
"40","Akebia quinata","Euphorbia neriifolia","Physalis virginiana"
"41","Albizia julibrissin","Euphorbia nubica","Phytelephas aequatorialis"
"42","Albizia lebbeck","Euphorbia obesa","Picea abies"
"43","Alhagi maurorum","Euphorbia radians","Picea engelmannii"
"44","Alliaria petiolata","Euphorbia tirucalli","Picea omorika"
"45","Allium vineale","Euryops multifidus","Picea pungens"
"46","Alnus glutinosa","Festuca arundinacea","Pilularia globulifera"
"47","Aloe arborescens","Festuca filiformis","Pinus contorta"
"48","Aloe aristata","Festuca ovina","Pinus merkusii"
"49","Aloe ciliaris","Festuca trachyphylla","Pinus palustris"
"50","Aloe ferox","Fimbristylis aphylla","Pinus ponderosa"
"51","Aloe maculata","Flacourtia indica","Pinus sylvestris"
"52","Aloe marlothii","Foeniculum vulgare","Pinus torreyana"
"53","Aloe succotrina","Fragaria vesca","Pistacia vera"
"54","Aloe wickensii","Fragaria virginiana","Pistia stratiotes"
"55","Alopecurus geniculatus","Frangula alnus","Pisum fulvum"
"56","Alopecurus myosuroides","Fraxinus americana","Plantago lanceolata"
"57","Alopecurus pratensis","Fraxinus pennsylvanica","Plantago major"
"58","Alternanthera philoxeroides","Freesia caryophyllacea","Plectranthus unguentarius"
"59","Alyssum alyssoides","Froelichia gracilis","Pleuraphis jamesii"
"60","Alyssum desertorum","Gaillardia aristata","Poa alpina"
"61","Amaranthus albus","Galanthus alpinus","Poa annua"
"62","Amaranthus blitoides","Galanthus elwesii","Poa bulbosa"
"63","Ambrosia artemisiifolia","Galanthus ikariae","Poa compressa"
"64","Ambrosia trifida","Galanthus nivalis","Poa nemoralis"
"65","Amelanchier alnifolia","Galanthus plicatus","Poa palustris"
"66","Amorpha fruticosa","Galanthus reginae-olgae","Poa pratensis"
"67","Ampelopsis brevipedunculata","Galeopsis tetrahit","Poa trivialis"
"68","Amsinckia menziesii","Galium aparine","Podalyria sericea"
"69","Anagallis arvensis","Geissorhiza inaequalis","Podophyllum hexandrum"
"70","Anaphalis margaritacea","Geranium maderense","Podranea ricasoliana"
"71","Anthemis arvensis","Geranium molle","Polygonum arenastrum"
"72","Anthemis cotula","Geranium pusillum","Polygonum aviculare"
"73","Anthoxanthum odoratum","Geum macrophyllum","Polygonum caespitosum"
"74","Anthriscus caucalis","Geum peckii","Polygonum perfoliatum"
"75","Anthriscus sylvestris","Ginkgo biloba","Polygonum persicaria"
"76","Antigonon leptopus","Gladiolus watsonius","Polygonum ramosissimum"
"77","Apium graveolens","Glaucium flavum","Polypodium hesperium"
"78","Apium repens","Glechoma hederacea","Polypogon monspeliensis"
"79","Apocynum cannabinum","Gleditsia triacanthos","Polypogon viridis"
"80","Aquilegia vulgaris","Glossostigma cleistanthum","Polystachya concreta"
"81","Aralia chinensis","Glyceria maxima","Poncirus trifoliata"
"82","Araucaria angustifolia","Glyceria striata","Pontederia cordata"
"83","Araucaria araucana","Glycine max","Pontederia rotundifolia"
"84","Araucaria heterophylla","Goodyera repens","Populus alba"
"85","Arbutus canariensis","Grevillea robusta","Populus deltoides"
"86","Arctium minus","Grindelia squarrosa","Populus nigra"
"87","Ardisia crenata","Guaiacum officinale","Portulaca oleracea"
"88","Ardisia elliptica","Gymnadenia conopsea","Portulacaria afra"
"89","Ardisia squamulosa","Gypsophila paniculata","Potamogeton acutifolius"
"90","Arenaria humifusa","Harrisia eriophora","Potamogeton crispus"
"91","Armeniaca vulgaris","Harrisia martinii","Potamogeton epihydrus"
"92","Arnica chamissonis","Harrisia pomanensis","Potentilla argentea"
"93","Arrhenatherum elatius","Harrisia tortuosa","Potentilla pensylvanica"
"94","Artemisia absinthium","Hebe barkeri","Potentilla recta"
"95","Artemisia biennis","Hedera helix","Potentilla rivalis"
"96","Artemisia campestris","Hedyscepe canterburyana","Protea subvestita"
"97","Artemisia dracunculus","Helianthus annuus","Prunus lusitanica"
"98","Artemisia ludoviciana","Helianthus petiolaris","Prunus serotina"
"99","Artemisia vulgaris","Helonias bullata","Prunus virginiana"
"100","Arundo donax","Hemarthria altissima","Pseudotsuga menziesii"
"101","Asparagus densiflorus","Hemerocallis fulva","Psidium cattleianum"
"102","Asparagus officinalis","Heracleum mantegazzianum","Psidium guajava"
"103","Asphodelus fistulosus","Hesperis matronalis","Pteris vittata"
"104","Aster","Hibiscus syriacus","Pterocarpus indicus"
"105","Asystasia gangetica","Hiptage benghalensis","Puccinellia distans"
"106","Atriplex micrantha","Holcus lanatus","Puccinellia nuttalliana"
"107","Atriplex semibaccata","Hordeum jubatum","Pyracantha koidzumii"
"108","Aucoumea klaineana","Hordeum marinum","Pyrostegia venusta"
"109","Austrocylindropuntia cylindrica","Hordeum murinum","Pyrus calleryana"
"110","Austrocylindropuntia subulata","Hordeum vulgare","Quercus dumosa"
"111","Avena barbata","Howea belmoreana","Quercus engelmannii"
"112","Avena fatua","Howea forsteriana","Ranunculus cymbalaria"
"113","Avena sativa","Howellia aquatilis","Ranunculus ficaria"
"114","Azolla caroliniana","Hydrilla verticillata","Ranunculus repens"
"115","Azolla filiculoides","Hydrocharis morsus-ranae","Ranunculus sceleratus"
"116","Azolla pinnata","Hydrocleys nymphoides","Rapanea melanophloeos"
"117","Babiana angustifolia","Hygrophila polysperma","Raphanus sativus"
"118","Babiana stricta","Hylocereus costaricensis","Rapistrum rugosum"
"119","Babiana tubulosa","Hylocereus undatus","Rhamnus cathartica"
"120","Bacopa egensis","Hymenachne amplexicaulis","Rhus coriaria"
"121","Baldellia ranunculoides","Hyoscyamus niger","Rhus glabra"
"122","Barbarea vulgaris","Hypericum perforatum","Ribes aureum"
"123","Bauhinia variegata","Hypochaeris radicata","Ricinus communis"
"124","Begonia cucullata","Impatiens capensis","Robinia pseudoacacia"
"125","Bentinckia nicobarica","Impatiens glandulifera","Rorippa amphibia"
"126","Berberis thunbergii","Imperata cylindrica","Rorippa nasturtium-aquaticum"
"127","Berberis vulgaris","Indigofera tomentosa","Rorippa palustris"
"128","Berteroa incana","Ipomoea aquatica","Rorippa sylvestris"
"129","Bertholletia excelsa","Ipomoea purpurea","Rosa acicularis"
"130","Beta macrocarpa","Ipomoea sagittata","Rosa multiflora"
"131","Betula pendula","Ipomoea tricolor","Rosa rugosa"
"132","Bidens pilosa","Iris lacustris","Rotala indica"
"133","Bletilla striata","Iris pseudacorus","Rotala rotundifolia"
"134","Blyxa aubertii","Isatis tinctoria","Rubus allegheniensis"
"135","Boophone disticha","Ixia campanulata","Rubus idaeus"
"136","Brasiliopuntia brasiliensis","Jacaranda mimosifolia","Rubus occidentalis"
"137","Brassica nigra","Jasminum azoricum","Rubus parviflorus"
"138","Brassica rapa","Juglans neotropica","Rubus phoenicolasius"
"139","Brassica tournefortii","Juglans nigra","Rudbeckia hirta"
"140","Briza maxima","Juglans regia","Rudbeckia laciniata"
"141","Bromus arvensis","Juncus bufonius","Rumex acetosa"
"142","Bromus carinatus","Juncus compressus","Rumex acetosella"
"143","Bromus catharticus","Juncus ensifolius","Rumex crispus"
"144","Bromus hordeaceus","Juncus gerardii","Rumex frutescens"
"145","Bromus inermis","Juncus inflexus","Rumex longifolius"
"146","Bromus interruptus","Juncus tenuis","Rumex obtusifolius"
"147","Bromus japonicus","Juniperus bermudiana","Ruschia geminiflora"
"148","Bromus racemosus","Juniperus virginiana","Saccharum ravennae"
"149","Bromus secalinus","Kalanchoe pinnata","Sagina procumbens"
"150","Bromus tectorum","Khaya anthotheca","Sagittaria graminea"
"151","Broussonetia papyrifera","Khaya ivorensis","Sagittaria montevidensis"
"152","Brugmansia versicolor","Khaya senegalensis","Sagittaria rigida"
"153","Butomus umbellatus","Kochia scoparia","Salix alba"
"154","Cabomba caroliniana","Koeleria macrantha","Salix fragilis"
"155","Caesalpinia gilliesii","Lachenalia reflexa","Salix purpurea"
"156","Caldesia parnassifolia","Lactuca serriola","Salsola kali"
"157","Callitriche cribrosa","Laelia rubescens","Salvia aethiopis"
"158","Callitriche stagnalis","Lamium amplexicaule","Salvia pentstemonoides"
"159","Callitris oblonga","Lampranthus amoenus","Salvinia minima"
"160","Calystegia sepium","Lampranthus coccineus","Salvinia molesta"
"161","Camelina microcarpa","Lampranthus glaucus","Sambucus racemosa"
"162","Camellia reticulata","Lampranthus immelmaniae","Sanguisorba dodecandra"
"163","Campanula rapunculoides","Lantana camara","Sanguisorba minor"
"164","Campanula rotundifolia","Latania loddigesii","Santalum album"
"165","Canarium ovatum","Latania lontaroides","Saponaria officinalis"
"166","Capparis sandwichiana","Lathyrus latifolius","Sarracenia alata"
"167","Capsella bursa-pastoris","Lathyrus odoratus","Sarracenia flava"
"168","Cardamine impatiens","Lathyrus rotundifolius","Sarracenia leucophylla"
"169","Cardaria draba","Leonurus cardiaca","Sarracenia purpurea"
"170","Cardaria pubescens","Lepidium densiflorum","Schefflera actinophylla"
"171","Carduus acanthoides","Lepidium latifolium","Schinus terebinthifolius"
"172","Carduus crispus","Lepidium perfoliatum","Schismus barbatus"
"173","Carduus myriacanthus","Lepidium virginicum","Schlumbergera truncata"
"174","Carduus nutans","Lespedeza cuneata","Scleria lacustris"
"175","Carduus pycnocephalus","Leucadendron argenteum","Secale cereale"
"176","Carduus tenuiflorus","Leucaena leucocephala","Sedum acre"
"177","Carex disticha","Leucanthemum vulgare","Selenicereus anthonyanus"
"178","Carex flacca","Leymus arenarius","Selenicereus coniflorus"
"179","Carum carvi","Ligustrum japonicum","Selenicereus grandiflorus"
"180","Casuarina cunninghamiana","Ligustrum lucidum","Selenicereus macdonaldiae"
"181","Casuarina equisetifolia","Ligustrum ovalifolium","Selenicereus pteranthus"
"182","Cedrela odorata","Ligustrum sinense","Senecio jacobaea"
"183","Celastrus orbiculatus","Ligustrum vulgare","Senecio sylvaticus"
"184","Cenchrus longispinus","Lilium occidentale","Senecio vulgaris"
"185","Centaurea biebersteinii","Limnobium laevigatum","Senna pendula"
"186","Centaurea calcitrapa","Limnophila indica","Sequoia sempervirens"
"187","Centaurea cyanus","Limnophila sessiliflora","Sequoiadendron giganteum"
"188","Centaurea diffusa","Limonium arborescens","Sesbania punicea"
"189","Centaurea jacea","Limonium perezii","Sesbania tomentosa"
"190","Centaurea melitensis","Linaria ricardoi","Setaria faberi"
"191","Centaurea solstitialis","Linaria vulgaris","Setaria verticillata"
"192","Cephalanthera longifolia","Linnaea borealis","Setaria viridis"
"193","Cephalocereus senilis","Linum perenne","Sidalcea oregana"
"194","Cerastium arvense","Linum usitatissimum","Silene antirrhina"
"195","Cerastium fontanum","Listera ovata","Silene noctiflora"
"196","Ceratocephala testiculata","Lodoicea maldivica","Silene vulgaris"
"197","Ceratopteris thalictroides","Lolium multiflorum","Silphium perfoliatum"
"198","Cereus hexagonus","Lolium perenne","Silybum marianum"
"199","Cereus hildmannianus","Lonicera involucrata","Sinapis arvensis"
"200","Cereus jamacaru","Lonicera japonica","Sindora supa"
"201","Chamaecyparis lawsoniana","Lonicera maackii","Sisymbrium altissimum"
"202","Chamaesyce glyptosperma","Lonicera tatarica","Sisymbrium irio"
"203","Chasmanthe bicolor","Lonicera xylosteum","Sisymbrium loeselii"
"204","Chelidonium majus","Lotus corniculatus","Sisymbrium officinale"
"205","Chenopodium album","Ludwigia grandiflora","Sisyrinchium angustifolium"
"206","Chenopodium opulifolium","Ludwigia peploides","Sisyrinchium montanum"
"207","Chimaphila umbellata","Ludwigia peruviana","Solanum carolinense"
"208","Chondrilla juncea","Lupinus polyphyllus","Solanum dulcamara"
"209","Chorispora tenella","Luziola peruviana","Solanum nigrum"
"210","Cichorium intybus","Luzula luzuloides","Solanum tampicense"
"211","Cinnamomum camphora","Lycopus europaeus","Solanum torvum"
"212","Cirsium arvense","Lygodium japonicum","Solanum triflorum"
"213","Cirsium palustre","Lygodium microphyllum","Solanum viarum"
"214","Cirsium pitcheri","Lysimachia nummularia","Solidago canadensis"
"215","Cirsium vulgare","Lysimachia vulgaris","Solidago gigantea"
"216","Citharexylum gentryi","Lythrum salicaria","Solidago sempervirens"
"217","Clematis orientalis","Macaranga grandifolia","Solidago shortii"
"218","Clematis terniflora","Macfadyena unguis-cati","Sonchus arvensis"
"219","Clianthus puniceus","Maclura pomifera","Sonchus arvensis uliginosus"
"220","Coleonema pulchrum","Macrozamia communis","Sonchus asper"
"221","Collomia grandiflora","Macrozamia spiralis","Sonchus oleraceus"
"222","Collomia linearis","Mahonia repens","Sorbus decipiens"
"223","Colocasia esculenta","Maianthemum stellatum","Sorghum bicolor"
"224","Colubrina asiatica","Malcolmia africana","Sorghum halepense"
"225","Commelina diffusa","Malva neglecta","Sparaxis fragrans"
"226","Conium maculatum","Malva parviflora","Sparaxis pillansii"
"227","Conringia orientalis","Mammillaria elongata","Sparaxis tricolor"
"228","Convallaria majalis","Mammillaria prolifera","Sparganium glomeratum"
"229","Convolvulus arvensis","Mandragora officinarum","Sparganium natans"
"230","Conyza canadensis","Marrubium vulgare","Spartina alterniflora"
"231","Cornus sericea","Marsilea hirsuta","Spartina anglica"
"232","Coronilla varia","Marsilea minuta","Spartina densiflora"
"233","Cortaderia selloana","Marsilea mutica","Spartina patens"
"234","Coryphantha vivipara","Marsilea quadrifolia","Spathoglottis plicata"
"235","Cotula coronopifolia","Medicago lupulina","Sphagneticola trilobata"
"236","Crepis capillaris","Medicago minima","Spiraea japonica"
"237","Crinum bulbispermum","Medicago polymorpha","Spiranthes sinensis"
"238","Crinum moorei","Medicago sativa","Spirodela punctata"
"239","Crocosmia masoniorum","Melaleuca quinquenervia","Sporobolus cryptandrus"
"240","Croton lucidus","Melia azedarach","Sporobolus vaginiflorus"
"241","Cryptocoryne beckettii","Melilotus alba","Stahlia monosperma"
"242","Cryptocoryne undulata","Melilotus indicus","Stellaria media"
"243","Cryptocoryne wendtii","Melilotus officinalis","Stenocereus griseus"
"244","Cupaniopsis anacardioides","Melinis minutiflora","Sternbergia lutea"
"245","Cupressus goveniana","Mentha aquatica","Stuckenia vaginata"
"246","Cupressus macrocarpa","Mentha arvensis","Swietenia macrophylla"
"247","Cyathea cooperi","Mentha gracilis","Swietenia mahagoni"
"248","Cycas circinalis","Mentha pulegium","Symphoricarpos albus"
"249","Cycas revoluta","Mentha spicata","Syringa vulgaris"
"250","Cyclamen coum","Merremia tuberosa","Syzygium cumini"
"251","Cyclamen graecum","Mesembryanthemum crystallinum","Syzygium jambos"
"252","Cyclamen hederifolium","Mesembryanthemum nodiflorum","Taeniatherum caput-medusae"
"253","Cyclamen persicum","Metasequoia glyptostroboides","Tamarix gallica"
"254","Cyclamen repandum","Microstegium vimineum","Tamarix ramosissima"
"255","Cylindropuntia imbricata","Miscanthus sacchariflorus","Tanacetum vulgare"
"256","Cylindropuntia kleiniae","Miscanthus sinensis","Taraxacum officinale"
"257","Cylindropuntia leptocaulis","Monarda didyma","Taxus cuspidata"
"258","Cylindropuntia spinosior","Moneses uniflora","Taxus floridana"
"259","Cylindropuntia tunicata","Monochoria vaginalis","Tecoma stans"
"260","Cynanchum rossicum","Moraea aristata","Terminalia ivorensis"
"261","Cynara cardunculus","Morus alba","Tetragonia caesia"
"262","Cynodon dactylon","Murdannia keisak","Tetragonia tetragonioides"
"263","Cynoglossum officinale","Myosotis arvensis","Thlaspi arvense"
"264","Cyperus alopecuroides","Myosotis azorica","Tilia americana"
"265","Cyperus difformis","Myosotis scorpioides","Torilis japonica"
"266","Cyperus michelianus","Myosotis sylvatica","Toxicodendron radicans"
"267","Cyperus prolifer","Myosoton aquaticum","Tradescantia fluminensis"
"268","Cyperus rotundus","Myriophyllum aquaticum","Tradescantia spathacea"
"269","Cypripedium calceolus","Myriophyllum heterophyllum","Tragopogon porrifolius"
"270","Cypripedium reginae","Myriophyllum spicatum","Tragopogon pratensis"
"271","Cytisus scoparius","Najas flexilis","Trapa natans"
"272","Dactylis glomerata","Najas graminea","Triadica sebifera"
"273","Dactyloctenium radulans","Najas guadalupensis","Trianoptiles solitaria"
"274","Dactylorhiza maculata","Najas marina","Tribulus terrestris"
"275","Dactylorhiza majalis","Najas minor","Trifolium arvense"
"276","Dalbergia latifolia","Narcissus pseudonarcissus","Trifolium campestre"
"277","Dalbergia sissoo","Nasturtium officinale","Trifolium dubium"
"278","Damasonium alisma","Nauclea diderrichii","Trifolium hybridum"
"279","Damasonium polyspermum","Nelumbo nucifera","Trifolium pratense"
"280","Datura stramonium","Nemesia strumosa","Trifolium repens"
"281","Datura wrightii","Nepeta cataria","Tritonia squalida"
"282","Daucus carota","Nephrolepis cordifolia","Tussilago farfara"
"283","Delonix regia","Nerine bowdenii","Typha angustifolia"
"284","Descurainia incana","Nerium oleander","Typha domingensis"
"285","Descurainia pinnata","Neyraudia reynaudiana","Typha latifolia"
"286","Descurainia sophia","Nicotiana glauca","Ulex europaeus"
"287","Dianthus armeria","Nomaphila stricta","Ulmus pumila"
"288","Diervilla sessilifolia","Nymphaea ampla","Urochloa maxima"
"289","Dietes bicolor","Nymphaea capensis","Urtica dioica"
"290","Digitalis grandiflora","Nymphaea lotus","Utricularia gibba"
"291","Digitalis lutea","Nymphaea mexicana","Valeriana officinalis"
"292","Digitalis purpurea","Nymphaea odorata","Vanilla mexicana"
"293","Digitaria sanguinalis","Nymphaea x marliacea","Vanilla planifolia"
"294","Dionaea muscipula","Nymphoides indica","Vanilla pompona"
"295","Dioscorea bulbifera","Nymphoides peltata","Verbascum blattaria"
"296","Dioscorea oppositifolia","Oeceoclades maculata","Verbascum litigiosum"
"297","Diplotaxis siifolia","Oenothera","Verbascum thapsus"
"298","Dipsacus fullonum","Oenothera biennis","Verbascum virgatum"
"299","Dipsacus laciniatus","Oenothera elata","Verbena bonariensis"
"300","Dipsacus sativus","Onopordum acanthium","Verbena bracteata"
"301","Disocactus flagelliformis","Ophrys lutea","Veronica anagallis-aquatica"
"302","Dopatrium junceum","Opuntia aurantiaca","Veronica arvensis"
"303","Dracaena draco","Opuntia borinquensis","Veronica beccabunga"
"304","Dracaena ombet","Opuntia cardiosperma","Veronica peregrina"
"305","Dracocephalum parviflorum","Opuntia elata","Veronica serpyllifolia"
"306","Duchesnea indica","Opuntia elatior","Vicia cracca"
"307","Echinochloa colona","Opuntia ficus-indica","Vicia sativa"
"308","Echinochloa crus-galli","Opuntia fragilis","Vicia villosa"
"309","Echinopsis oxygona","Opuntia humifusa","Vinca major"
"310","Echinopsis pachanoi","Opuntia leucotricha","Vinca minor"
"311","Echinopsis spachiana","Opuntia microdasys","Vincetoxicum nigrum"
"312","Echium pininana","Opuntia monacantha","Viola canadensis"
"313","Echium plantagineum","Opuntia phaeacantha","Vitex parviflora"
"314","Egeria densa","Opuntia polyacantha","Vitex rotundifolia"
"315","Eichhornia azurea","Opuntia puberula","Vulpia bromoides"
"316","Eichhornia crassipes","Opuntia robusta","Vulpia octoflora"
"317","Elaeagnus angustifolia","Opuntia schickendantzii","Watsonia aletroides"
"318","Elaeagnus pungens","Opuntia schumannii","Watsonia versfeldii"
"319","Elaeagnus umbellata","Opuntia spinulifera","Wisteria sinensis"
"320","Elatine alsinastrum","Opuntia streptacantha","Woodwardia radicans"
"321","Ellisia nyctelea","Opuntia stricta","Xanthium strumarium"
"322","Elodea canadensis","Opuntia sulphurea","Zamia furfuracea"
"323","Elsholtzia ciliata","Opuntia tomentosa","Zamia loddigesii"
"324","Elymus canadensis","Opuntia tuna","Zeuxine strateumatica"
"325","Elymus trachycaulus","Orchis mascula","Zizania aquatica"
"326","Encyclia rufa","Orchis morio","Zostera japonica"
"327","Epidendrum ibaguense","Ornithogalum umbellatum",NA
